Gene,Protein,Cryptic?,Location,Notes,DOI
IGLON5,IGLON5,Y,Serum Evs,Found in 10 of 20 SALS patients,"Takahashi, K., Kato, C., Ueda, K. et al. Diagnostic potential of cryptic exon-derived peptides in serum extracellular vesicles for sporadic amyotrophic lateral sclerosis. Inflamm Regener 46, 8 (2026). https://doi.org/10.1186/s41232-026-00404-w"
FET,FET,N,,,
TARDBP,TDP-43,N,CSF/Blood/Plasma Evs,,"Zetterberg, H., Bendlin, B.B. Biofluid biomarkers in Alzheimer’s disease and other neurodegenerative dementias. Nature 650, 49–59 (2026). https://doi.org/10.1038/s41586-025-10018-w"
HDGFL2,HDGFL2,Y,Blood,"ALS-FTD, SALS","Irwin, K.E., Jasin, P., Braunstein, K.E. et al. A fluid biomarker reveals loss of TDP-43 splicing repression in presymptomatic ALS–FTD. Nat Med 30, 382–393 (2024). https://doi.org/10.1038/s41591-023-02788-5"
HDGFL2,HDGFL2,Y,CSF,"ALS-FTD, SALS","Irwin, K.E., Jasin, P., Braunstein, K.E. et al. A fluid biomarker reveals loss of TDP-43 splicing repression in presymptomatic ALS–FTD. Nat Med 30, 382–393 (2024). https://doi.org/10.1038/s41591-023-02788-5"
NEFL,NfL,N,Blood/CSF,"General neurodegeneration, prominent in ALS","Zetterberg, H., Bendlin, B.B. Biofluid biomarkers in Alzheimer’s disease and other neurodegenerative dementias. Nature 650, 49–59 (2026). https://doi.org/10.1038/s41586-025-10018-w"
MAPT,Tau,N,CSF,,"Honey, M.I.J., Hok-A-Hin, Y.S., Thijssen, E.H. et al. An acetylated Tau-174 CSF biomarker discriminates between TDP-43 and tau pathology in patients with frontotemporal lobar degeneration. Nat Med (2026). https://doi.org/10.1038/s41591-026-04341-6"
GFAP,GFAP,N,CSF (weak signal in blood),General indicator of neuroinflammation and microglial reactivity,"Zetterberg, H., Bendlin, B.B. Biofluid biomarkers in Alzheimer’s disease and other neurodegenerative dementias. Nature 650, 49–59 (2026). https://doi.org/10.1038/s41586-025-10018-w"
TREM1,TREM1,N,CSF (weak signal in blood),General indicator of neuroinflammation and microglial reactivity,"Zetterberg, H., Bendlin, B.B. Biofluid biomarkers in Alzheimer’s disease and other neurodegenerative dementias. Nature 650, 49–59 (2026). https://doi.org/10.1038/s41586-025-10018-w"
FABP3,FABP3,N,CSF (weak signal in blood),General indicator of neuroinflammation and microglial reactivity,"Zetterberg, H., Bendlin, B.B. Biofluid biomarkers in Alzheimer’s disease and other neurodegenerative dementias. Nature 650, 49–59 (2026). https://doi.org/10.1038/s41586-025-10018-w"
S100A12,S100A12,N,CSF (weak signal in blood),General indicator of neuroinflammation and microglial reactivity,"Zetterberg, H., Bendlin, B.B. Biofluid biomarkers in Alzheimer’s disease and other neurodegenerative dementias. Nature 650, 49–59 (2026). https://doi.org/10.1038/s41586-025-10018-w"
NRGN,Neurgranin,N,CSF,Specific for AD,"Zetterberg, H., Bendlin, B.B. Biofluid biomarkers in Alzheimer’s disease and other neurodegenerative dementias. Nature 650, 49–59 (2026). https://doi.org/10.1038/s41586-025-10018-w"
SNAP25,SNAP-25,N,CSF,Specific for AD,"Zetterberg, H., Bendlin, B.B. Biofluid biomarkers in Alzheimer’s disease and other neurodegenerative dementias. Nature 650, 49–59 (2026). https://doi.org/10.1038/s41586-025-10018-w"
NPTX2,NPTX2,N,CSF,Specifically decreased in AD,"Zetterberg, H., Bendlin, B.B. Biofluid biomarkers in Alzheimer’s disease and other neurodegenerative dementias. Nature 650, 49–59 (2026). https://doi.org/10.1038/s41586-025-10018-w"
MAPT,Tau,N,Plasma Evs,ALS-FTD,"Chatterjee, M., Özdemir, S., Fritz, C. et al. Plasma extracellular vesicle tau and TDP-43 as diagnostic biomarkers in FTD and ALS. Nat Med 30, 1771–1783 (2024). https://doi.org/10.1038/s41591-024-02937-4"
EWSR1,EWS,,CSF,FTD,"Sogorb-Esteve, A., Nilsson, J., Swift, I.J. et al. Differential impairment of cerebrospinal fluid synaptic biomarkers in the genetic forms of frontotemporal dementia. Alz Res Therapy 14, 118 (2022). https://doi.org/10.1186/s13195-022-01042-3"
TAF15,TAF15,,CSF,FTD,"Sogorb-Esteve, A., Nilsson, J., Swift, I.J. et al. Differential impairment of cerebrospinal fluid synaptic biomarkers in the genetic forms of frontotemporal dementia. Alz Res Therapy 14, 118 (2022). https://doi.org/10.1186/s13195-022-01042-3"
SNCB,Beta-synuclein,,CSF,FTD with MAPT mutation,"Sogorb-Esteve, A., Nilsson, J., Swift, I.J. et al. Differential impairment of cerebrospinal fluid synaptic biomarkers in the genetic forms of frontotemporal dementia. Alz Res Therapy 14, 118 (2022). https://doi.org/10.1186/s13195-022-01042-3"
SNCG,Gamma-synuclein,,CSF,FTD with MAPT mutation,"Sogorb-Esteve, A., Nilsson, J., Swift, I.J. et al. Differential impairment of cerebrospinal fluid synaptic biomarkers in the genetic forms of frontotemporal dementia. Alz Res Therapy 14, 118 (2022). https://doi.org/10.1186/s13195-022-01042-3"
YWHAH,14-3-3 eta; modulates neurotransmission and known biomarker for CJD,,CSF,FTD with MAPT mutation,"Sogorb-Esteve, A., Nilsson, J., Swift, I.J. et al. Differential impairment of cerebrospinal fluid synaptic biomarkers in the genetic forms of frontotemporal dementia. Alz Res Therapy 14, 118 (2022). https://doi.org/10.1186/s13195-022-01042-3"
NRGN,Neurgranin,,CSF,FTD with MAPT mutation,"Sogorb-Esteve, A., Nilsson, J., Swift, I.J. et al. Differential impairment of cerebrospinal fluid synaptic biomarkers in the genetic forms of frontotemporal dementia. Alz Res Therapy 14, 118 (2022). https://doi.org/10.1186/s13195-022-01042-3"
GDI1,Rab GDI alpha,,CSF,FTD with MAPT mutation,"Sogorb-Esteve, A., Nilsson, J., Swift, I.J. et al. Differential impairment of cerebrospinal fluid synaptic biomarkers in the genetic forms of frontotemporal dementia. Alz Res Therapy 14, 118 (2022). https://doi.org/10.1186/s13195-022-01042-3"
STX1B,Syntaxin 1B,,CSF,FTD with MAPT mutation,"Sogorb-Esteve, A., Nilsson, J., Swift, I.J. et al. Differential impairment of cerebrospinal fluid synaptic biomarkers in the genetic forms of frontotemporal dementia. Alz Res Therapy 14, 118 (2022). https://doi.org/10.1186/s13195-022-01042-3"
STX7,Syntaxin-7,,CSF,FTD with MAPT mutation,"Sogorb-Esteve, A., Nilsson, J., Swift, I.J. et al. Differential impairment of cerebrospinal fluid synaptic biomarkers in the genetic forms of frontotemporal dementia. Alz Res Therapy 14, 118 (2022). https://doi.org/10.1186/s13195-022-01042-3"
PEBP1,PEBP-1,,CSF,FTD with MAPT mutation,"Sogorb-Esteve, A., Nilsson, J., Swift, I.J. et al. Differential impairment of cerebrospinal fluid synaptic biomarkers in the genetic forms of frontotemporal dementia. Alz Res Therapy 14, 118 (2022). https://doi.org/10.1186/s13195-022-01042-3"
NEFL,NEFL,,Plasma (via Olink); CSF (via SomaScan),ALS,"Chia, R., Moaddel, R., Kwan, J.Y. et al. A plasma proteomics-based candidate biomarker panel predictive of amyotrophic lateral sclerosis. Nat Med 31, 3440–3450 (2025). https://doi.org/10.1038/s41591-025-03890-6"
ALDH3A1,ALDH3A1,,Plasma (via Olink),ALS,"Chia, R., Moaddel, R., Kwan, J.Y. et al. A plasma proteomics-based candidate biomarker panel predictive of amyotrophic lateral sclerosis. Nat Med 31, 3440–3450 (2025). https://doi.org/10.1038/s41591-025-03890-6"
MEGF10,MEGF10,,Plasma (via Olink); CSF (via SomaScan),ALS,"Chia, R., Moaddel, R., Kwan, J.Y. et al. A plasma proteomics-based candidate biomarker panel predictive of amyotrophic lateral sclerosis. Nat Med 31, 3440–3450 (2025). https://doi.org/10.1038/s41591-025-03890-6"
CORO6,CORO6,,Plasma (via Olink),ALS,"Chia, R., Moaddel, R., Kwan, J.Y. et al. A plasma proteomics-based candidate biomarker panel predictive of amyotrophic lateral sclerosis. Nat Med 31, 3440–3450 (2025). https://doi.org/10.1038/s41591-025-03890-6"
HS6ST2,HS6ST2,,Plasma (via Olink),ALS,"Chia, R., Moaddel, R., Kwan, J.Y. et al. A plasma proteomics-based candidate biomarker panel predictive of amyotrophic lateral sclerosis. Nat Med 31, 3440–3450 (2025). https://doi.org/10.1038/s41591-025-03890-6"
CSRP3,CSRP3,,Plasma (via Olink),ALS,"Chia, R., Moaddel, R., Kwan, J.Y. et al. A plasma proteomics-based candidate biomarker panel predictive of amyotrophic lateral sclerosis. Nat Med 31, 3440–3450 (2025). https://doi.org/10.1038/s41591-025-03890-6"
MYBPC1,MYBPC1,,Plasma (via Olink),ALS,"Chia, R., Moaddel, R., Kwan, J.Y. et al. A plasma proteomics-based candidate biomarker panel predictive of amyotrophic lateral sclerosis. Nat Med 31, 3440–3450 (2025). https://doi.org/10.1038/s41591-025-03890-6"
CA3,CA3,,Plasma (via Olink),ALS,"Chia, R., Moaddel, R., Kwan, J.Y. et al. A plasma proteomics-based candidate biomarker panel predictive of amyotrophic lateral sclerosis. Nat Med 31, 3440–3450 (2025). https://doi.org/10.1038/s41591-025-03890-6"
MYLPF,MYLPF,,Plasma (via Olink),ALS,"Chia, R., Moaddel, R., Kwan, J.Y. et al. A plasma proteomics-based candidate biomarker panel predictive of amyotrophic lateral sclerosis. Nat Med 31, 3440–3450 (2025). https://doi.org/10.1038/s41591-025-03890-6"
MYOM3,MYOM3,,Plasma (via Olink),ALS,"Chia, R., Moaddel, R., Kwan, J.Y. et al. A plasma proteomics-based candidate biomarker panel predictive of amyotrophic lateral sclerosis. Nat Med 31, 3440–3450 (2025). https://doi.org/10.1038/s41591-025-03890-6"
RBFOX3,RBFOX3,,Plasma (via Olink),ALS,"Chia, R., Moaddel, R., Kwan, J.Y. et al. A plasma proteomics-based candidate biomarker panel predictive of amyotrophic lateral sclerosis. Nat Med 31, 3440–3450 (2025). https://doi.org/10.1038/s41591-025-03890-6"
EDA2R,EDA2R,,Plasma (via Olink),ALS,"Chia, R., Moaddel, R., Kwan, J.Y. et al. A plasma proteomics-based candidate biomarker panel predictive of amyotrophic lateral sclerosis. Nat Med 31, 3440–3450 (2025). https://doi.org/10.1038/s41591-025-03890-6"
MYBPC2,MYBPC2,,Plasma (via Olink),ALS,"Chia, R., Moaddel, R., Kwan, J.Y. et al. A plasma proteomics-based candidate biomarker panel predictive of amyotrophic lateral sclerosis. Nat Med 31, 3440–3450 (2025). https://doi.org/10.1038/s41591-025-03890-6"
ACTN2,ACTN2,,Plasma (via Olink),ALS,"Chia, R., Moaddel, R., Kwan, J.Y. et al. A plasma proteomics-based candidate biomarker panel predictive of amyotrophic lateral sclerosis. Nat Med 31, 3440–3450 (2025). https://doi.org/10.1038/s41591-025-03890-6"
ART3,ART3,,Plasma (via Olink),ALS,"Chia, R., Moaddel, R., Kwan, J.Y. et al. A plasma proteomics-based candidate biomarker panel predictive of amyotrophic lateral sclerosis. Nat Med 31, 3440–3450 (2025). https://doi.org/10.1038/s41591-025-03890-6"
HSPB6,HSPB6,,Plasma (via Olink); CSF (via SomaScan),ALS,"Chia, R., Moaddel, R., Kwan, J.Y. et al. A plasma proteomics-based candidate biomarker panel predictive of amyotrophic lateral sclerosis. Nat Med 31, 3440–3450 (2025). https://doi.org/10.1038/s41591-025-03890-6"
DTNB,DTNB,,Plasma (via Olink),ALS,"Chia, R., Moaddel, R., Kwan, J.Y. et al. A plasma proteomics-based candidate biomarker panel predictive of amyotrophic lateral sclerosis. Nat Med 31, 3440–3450 (2025). https://doi.org/10.1038/s41591-025-03890-6"
MB,MB,,Plasma (via Olink),ALS,"Chia, R., Moaddel, R., Kwan, J.Y. et al. A plasma proteomics-based candidate biomarker panel predictive of amyotrophic lateral sclerosis. Nat Med 31, 3440–3450 (2025). https://doi.org/10.1038/s41591-025-03890-6"
NEB,NEB,,Plasma (via Olink),ALS,"Chia, R., Moaddel, R., Kwan, J.Y. et al. A plasma proteomics-based candidate biomarker panel predictive of amyotrophic lateral sclerosis. Nat Med 31, 3440–3450 (2025). https://doi.org/10.1038/s41591-025-03890-6"
MYL3,MYL3,,Plasma (via Olink),ALS,"Chia, R., Moaddel, R., Kwan, J.Y. et al. A plasma proteomics-based candidate biomarker panel predictive of amyotrophic lateral sclerosis. Nat Med 31, 3440–3450 (2025). https://doi.org/10.1038/s41591-025-03890-6"
KLHL41,KLHL41,,Plasma (via Olink),ALS,"Chia, R., Moaddel, R., Kwan, J.Y. et al. A plasma proteomics-based candidate biomarker panel predictive of amyotrophic lateral sclerosis. Nat Med 31, 3440–3450 (2025). https://doi.org/10.1038/s41591-025-03890-6"
DUSP29,DUSP29,,Plasma (via Olink),ALS,"Chia, R., Moaddel, R., Kwan, J.Y. et al. A plasma proteomics-based candidate biomarker panel predictive of amyotrophic lateral sclerosis. Nat Med 31, 3440–3450 (2025). https://doi.org/10.1038/s41591-025-03890-6"
MYOM2,MYOM2,,Plasma (via Olink),ALS,"Chia, R., Moaddel, R., Kwan, J.Y. et al. A plasma proteomics-based candidate biomarker panel predictive of amyotrophic lateral sclerosis. Nat Med 31, 3440–3450 (2025). https://doi.org/10.1038/s41591-025-03890-6"
TTN,TTN,,Plasma (via Olink),ALS,"Chia, R., Moaddel, R., Kwan, J.Y. et al. A plasma proteomics-based candidate biomarker panel predictive of amyotrophic lateral sclerosis. Nat Med 31, 3440–3450 (2025). https://doi.org/10.1038/s41591-025-03890-6"
TPM3,TPM3,,Plasma (via Olink); CSF (via SomaScan),ALS,"Chia, R., Moaddel, R., Kwan, J.Y. et al. A plasma proteomics-based candidate biomarker panel predictive of amyotrophic lateral sclerosis. Nat Med 31, 3440–3450 (2025). https://doi.org/10.1038/s41591-025-03890-6"
KLK4,KLK4,,Plasma (via Olink),ALS,"Chia, R., Moaddel, R., Kwan, J.Y. et al. A plasma proteomics-based candidate biomarker panel predictive of amyotrophic lateral sclerosis. Nat Med 31, 3440–3450 (2025). https://doi.org/10.1038/s41591-025-03890-6"
TNNI3,TNNI3,,Plasma (via Olink),ALS,"Chia, R., Moaddel, R., Kwan, J.Y. et al. A plasma proteomics-based candidate biomarker panel predictive of amyotrophic lateral sclerosis. Nat Med 31, 3440–3450 (2025). https://doi.org/10.1038/s41591-025-03890-6"
LEP,LEP,,Plasma (via Olink),ALS,"Chia, R., Moaddel, R., Kwan, J.Y. et al. A plasma proteomics-based candidate biomarker panel predictive of amyotrophic lateral sclerosis. Nat Med 31, 3440–3450 (2025). https://doi.org/10.1038/s41591-025-03890-6"
RNASE3,RNASE3,,Plasma (via Olink); CSF (via SomaScan),ALS,"Chia, R., Moaddel, R., Kwan, J.Y. et al. A plasma proteomics-based candidate biomarker panel predictive of amyotrophic lateral sclerosis. Nat Med 31, 3440–3450 (2025). https://doi.org/10.1038/s41591-025-03890-6"
LIF,LIF,,Plasma (via Olink),ALS,"Chia, R., Moaddel, R., Kwan, J.Y. et al. A plasma proteomics-based candidate biomarker panel predictive of amyotrophic lateral sclerosis. Nat Med 31, 3440–3450 (2025). https://doi.org/10.1038/s41591-025-03890-6"
SSC4D,SSC4D,,Plasma (via Olink),ALS,"Chia, R., Moaddel, R., Kwan, J.Y. et al. A plasma proteomics-based candidate biomarker panel predictive of amyotrophic lateral sclerosis. Nat Med 31, 3440–3450 (2025). https://doi.org/10.1038/s41591-025-03890-6"
FGF21,FGF21,,Plasma (via Olink),ALS,"Chia, R., Moaddel, R., Kwan, J.Y. et al. A plasma proteomics-based candidate biomarker panel predictive of amyotrophic lateral sclerosis. Nat Med 31, 3440–3450 (2025). https://doi.org/10.1038/s41591-025-03890-6"
GZMH,GZMH,,Plasma (via Olink),ALS,"Chia, R., Moaddel, R., Kwan, J.Y. et al. A plasma proteomics-based candidate biomarker panel predictive of amyotrophic lateral sclerosis. Nat Med 31, 3440–3450 (2025). https://doi.org/10.1038/s41591-025-03890-6"
NEFM,NEFM,,CSF,"General neurodegeneration, prominent in ALS","Neža Cankar, Filippa L. Qvist, Anne S. Frahm, Katrine Pilely, Kirsten Svenstrup, Stephen Wørlich Pedersen, Anne-Lene Kjældgaard, Peter Garred, Niels Henning Skotte
medRxiv 2026.04.13.26350753; doi: https://doi.org/10.64898/2026.04.13.26350753"
UCHL1,UCHL1,,CSF,"General neurodegeneration, prominent in ALS","Neža Cankar, Filippa L. Qvist, Anne S. Frahm, Katrine Pilely, Kirsten Svenstrup, Stephen Wørlich Pedersen, Anne-Lene Kjældgaard, Peter Garred, Niels Henning Skotte
medRxiv 2026.04.13.26350753; doi: https://doi.org/10.64898/2026.04.13.26350753"
CHIT1,CHIT1,,CSF,"General neuroinflammatory, prominent in ALS","Neža Cankar, Filippa L. Qvist, Anne S. Frahm, Katrine Pilely, Kirsten Svenstrup, Stephen Wørlich Pedersen, Anne-Lene Kjældgaard, Peter Garred, Niels Henning Skotte
medRxiv 2026.04.13.26350753; doi: https://doi.org/10.64898/2026.04.13.26350753"
CHI3L1,CHI3L1,,CSF,"General neuroinflammatory, prominent in ALS","Neža Cankar, Filippa L. Qvist, Anne S. Frahm, Katrine Pilely, Kirsten Svenstrup, Stephen Wørlich Pedersen, Anne-Lene Kjældgaard, Peter Garred, Niels Henning Skotte
medRxiv 2026.04.13.26350753; doi: https://doi.org/10.64898/2026.04.13.26350753"
CHI3L2,CHI3L2,,CSF,"General neuroinflammatory, prominent in ALS","Neža Cankar, Filippa L. Qvist, Anne S. Frahm, Katrine Pilely, Kirsten Svenstrup, Stephen Wørlich Pedersen, Anne-Lene Kjældgaard, Peter Garred, Niels Henning Skotte
medRxiv 2026.04.13.26350753; doi: https://doi.org/10.64898/2026.04.13.26350753"
CLSTN3,CLSTN3,,CSF,Early stage ALS marker,"Neža Cankar, Filippa L. Qvist, Anne S. Frahm, Katrine Pilely, Kirsten Svenstrup, Stephen Wørlich Pedersen, Anne-Lene Kjældgaard, Peter Garred, Niels Henning Skotte
medRxiv 2026.04.13.26350753; doi: https://doi.org/10.64898/2026.04.13.26350753"
CHAD,CHAD,,CSF,Early stage ALS marker,"Neža Cankar, Filippa L. Qvist, Anne S. Frahm, Katrine Pilely, Kirsten Svenstrup, Stephen Wørlich Pedersen, Anne-Lene Kjældgaard, Peter Garred, Niels Henning Skotte
medRxiv 2026.04.13.26350753; doi: https://doi.org/10.64898/2026.04.13.26350753"
RELN,RELN,,CSF,Early stage ALS marker,"Neža Cankar, Filippa L. Qvist, Anne S. Frahm, Katrine Pilely, Kirsten Svenstrup, Stephen Wørlich Pedersen, Anne-Lene Kjældgaard, Peter Garred, Niels Henning Skotte
medRxiv 2026.04.13.26350753; doi: https://doi.org/10.64898/2026.04.13.26350753"
MB,MB,,CSF,ALS,"Neža Cankar, Filippa L. Qvist, Anne S. Frahm, Katrine Pilely, Kirsten Svenstrup, Stephen Wørlich Pedersen, Anne-Lene Kjældgaard, Peter Garred, Niels Henning Skotte
medRxiv 2026.04.13.26350753; doi: https://doi.org/10.64898/2026.04.13.26350753"
ITLN1,ITLN1,,CSF,ALS,"Neža Cankar, Filippa L. Qvist, Anne S. Frahm, Katrine Pilely, Kirsten Svenstrup, Stephen Wørlich Pedersen, Anne-Lene Kjældgaard, Peter Garred, Niels Henning Skotte
medRxiv 2026.04.13.26350753; doi: https://doi.org/10.64898/2026.04.13.26350753"
YWHAG,YWHAG,,CSF,ALS,"Neža Cankar, Filippa L. Qvist, Anne S. Frahm, Katrine Pilely, Kirsten Svenstrup, Stephen Wørlich Pedersen, Anne-Lene Kjældgaard, Peter Garred, Niels Henning Skotte
medRxiv 2026.04.13.26350753; doi: https://doi.org/10.64898/2026.04.13.26350753"
FCGR3A,FCGR3A,,CSF,ALS,"Neža Cankar, Filippa L. Qvist, Anne S. Frahm, Katrine Pilely, Kirsten Svenstrup, Stephen Wørlich Pedersen, Anne-Lene Kjældgaard, Peter Garred, Niels Henning Skotte
medRxiv 2026.04.13.26350753; doi: https://doi.org/10.64898/2026.04.13.26350753"
PGAM1,PGAM1,,CSF,ALS,"Neža Cankar, Filippa L. Qvist, Anne S. Frahm, Katrine Pilely, Kirsten Svenstrup, Stephen Wørlich Pedersen, Anne-Lene Kjældgaard, Peter Garred, Niels Henning Skotte
medRxiv 2026.04.13.26350753; doi: https://doi.org/10.64898/2026.04.13.26350753"
